Modelo,RMSE,MAE,RMSE_Rank,MAE_Rank
"SARIMA(0,2,2)(0,1,1,12)",1519.8694755728782,1369.73449629004,1.0,1.0
Prophet Optimizado,1586.6781245256745,1408.8729105708355,2.0,2.0
